{
  "q": 3,
  "quantity": "c",
  "Tc_infinity": 0.961910831839132,
  "Tc_L": {
    "5": 0.9668847518155843,
    "8": 0.9612735293706945,
    "11": 0.9582675173466465,
    "14": 0.9604719261642818,
    "17": 0.9668847518155843,
    "20": 0.9630771365851234
  }
}