{
  "q": 4,
  "quantity": "c",
  "Tc_infinity": 0.8742330521860283,
  "Tc_L": {
    "5": 0.959429805878445,
    "8": 0.9433977417501884,
    "11": 0.9353817096860603,
    "14": 0.9249608680026935,
    "17": 0.9181472407481844,
    "20": 0.9221552567802486
  }
}