{
  "q": 2,
  "quantity": "c",
  "Tc_infinity": 0.8453096257046365,
  "Tc_L": {
    "5": 0.8486720705881998,
    "8": 0.8340428120711658,
    "11": 0.8430608481433101,
    "14": 0.8492732729930095,
    "17": 0.8496740745962159,
    "20": 0.8496740745962159
  }
}