{
  "q": 3,
  "quantity": "c",
  "Tc_infinity": 0.9178867558236004,
  "Tc_L": {
    "5": 1.031062124248497,
    "8": 1.0130260521042085,
    "11": 1.0430861723446894,
    "14": 1.0230460921843687,
    "17": 1.003006012024048,
    "20": 1.0190380761523046
  }
}