{
  "q": 2,
  "quantity": "c",
  "Tc_infinity": 0.7996740745962159,
  "Tc_L": {
    "5": 1.1933867735470942,
    "8": 1.221442885771543,
    "11": 1.1472945891783568,
    "14": 1.1793587174348696,
    "17": 1.1753507014028055,
    "20": 1.1372745490981964
  }
}