{
  "q": 4,
  "quantity": "c",
  "Tc_infinity": 0.910431809886461,
  "Tc_L": {
    "5": 0.9468937875751502,
    "8": 0.93687374749499,
    "11": 0.9148296593186372,
    "14": 0.9288577154308617,
    "17": 0.9308617234468938,
    "20": 0.9108216432865731
  }
}